기관,설명(무슨 기관인가),전화번호,주소,홈페이지 / 이메일,이용기간(업무시간),추천 대상
안산시 외국인주민상담지원센터,"경기도 내 최대 규모, 10여개 언어 노동/체류/법률 통합상담 기관",1644-7111,"경기도 안산시 단원구 부부로 43
(원곡동)",-,"월~목 09:00~18:00(점심 12:00~13:00)
일 10:00~19:00(금·토·공휴일 휴무)",베트남어·중국어·네팔어·태국어·러시아어 등 다양한 언어권 노동자의 통합 상담
화성시 외국인복지센터,화성 산업단지 근로자 상담을 다수 처리하는 시 산하 외국인복지센터,031-8059-1261,"경기도 화성시 향남읍
발안공단로 92-23",-,"화~일 09:00~18:00
(월요일·공휴일 휴무)",화성 소재 공단에서 근무하는 베트남어·중국어·러시아어·우즈베크어권 노동자
시흥시 외국인복지센터,시화산단 근로자 통역·노동상담 중심의 시 산하 외국인복지센터,031-434-0411,"경기도 시흥시 공단1대로259번길 5
(정왕동)",-,"화~금·일 09:00~18:00
(월·토 휴무, 2층 체류민원 10:00~17:00)",시화산단에서 근무하는 베트남어·중국어·몽골어권 노동자
성남시 외국인주민복지지원센터,경기 남부권 외국인주민 상담 연계를 담당하는 시 산하센터,031-754-7070,"경기도 성남시 수정구 수정남로 10,
제일프라자 2층",-,"평일 주간 운영
(변동 가능, 방문 전 유선 확인 권장)",성남 인근 거주 베트남어·중국어·영어·필리핀어권 노동자
